{
  "baseline__test": {
    "per_seed": [
      0.9300136601782415,
      0.9305980901912864,
      0.9304772611870709
    ],
    "mean": 0.9303630038521996,
    "std": 0.00030851363659621726
  },
  "vnet_se__test": {
    "per_seed": [
      0.930807898303427,
      0.9327212893867872,
      0.9297985911250589
    ],
    "mean": 0.931109259605091,
    "std": 0.0014844713732109806
  },
  "vnet_ssm__test": {
    "per_seed": [
      0.9303094827796359,
      0.9314657099455951,
      0.9329520282279923
    ],
    "mean": 0.931575740317741,
    "std": 0.0013247043533382184
  },
  "pss_unet__test": {
    "per_seed": [
      0.932059634847945,
      0.9322628908423314,
      0.9336985255261342
    ],
    "mean": 0.9326736837388035,
    "std": 0.0008933385509468743
  },
  "umamba__test": {
    "per_seed": [
      0.932575235566295,
      0.9321964383125305,
      0.9281220237809823
    ],
    "mean": 0.9309645658866025,
    "std": 0.0024689888733109067
  },
  "baseline__africa_std": {
    "per_seed": [
      0.889894596805218,
      0.8885404551852994,
      0.8933225659492972
    ],
    "mean": 0.8905858726466048,
    "std": 0.0024648615694293115
  },
  "vnet_se__africa_std": {
    "per_seed": [
      0.8935613917893938,
      0.8934685236421609,
      0.8908452200596629
    ],
    "mean": 0.8926250451637392,
    "std": 0.0015420730118958924
  },
  "vnet_ssm__africa_std": {
    "per_seed": [
      0.8865376183703491,
      0.8899914270555922,
      0.8875237843086524
    ],
    "mean": 0.8880176099115312,
    "std": 0.001779071781325645
  },
  "pss_unet__africa_std": {
    "per_seed": [
      0.8921499077622788,
      0.8872489773000664,
      0.8877508060692241
    ],
    "mean": 0.8890498970438564,
    "std": 0.002696387930016514
  },
  "umamba__africa_std": {
    "per_seed": [
      0.8894048090643171
    ],
    "mean": 0.8894048090643171,
    "std": 0.0
  }
}